Designator,LCSC,Layer,CPL rot,Rotations that align JLC footprint (predicted),Change rotation?,Suggested rot,Residual mm,"JLC offset needed dx,dy mm",Change position?,Suggested Mid X,Suggested Mid Y,Legacy-model rot
BT1,C70377,Bottom,0.0,180,YES,180,0.005,"0.0,0.0",,21.0,-16.3,0
C1,C377773,Bottom,90.0,90,,90,0.05,"0.0,0.0",,35.6,-3.6,90
C2,C440198,Bottom,90.0,90,,90,0.05,"0.0,-0.0",,33.3,-3.3,90
C3,C377773,Bottom,90.0,90,,90,0.05,"0.0,-0.0",,40.4,-15.2,90
C4,C14663,Bottom,0.0,180,YES,180,0.075,"0.0,0.0",,2.3,-11.9,0
C5,C377773,Bottom,90.0,90,,90,0.05,"0.0,0.0",,39.0,-44.6,90
C6,C440198,Bottom,90.0,90,,90,0.05,"0.0,0.0",,38.9,-40.6,90
C7,C14663,Bottom,0.0,180,YES,180,0.075,"0.0,0.0",,27.4,-28.6,0
C9,C14663,Bottom,90.0,90,,90,0.075,"0.0,0.0",,13.0,-44.4,90
C10,C14663,Bottom,90.0,90,,90,0.075,"0.0,0.0",,13.02,-34.58,90
C11,C1588,Bottom,0.0,180,YES,180,0.075,"0.0,0.0",,7.5,-31.3,0
C12,C1588,Bottom,0.0,180,YES,180,0.075,"-0.0,0.0",,2.64,-33.2,0
C13,C53987,Bottom,90.0,90,,90,0.075,"0.0,0.0",,40.8,-9.4,90
C20,C14663,Bottom,0.0,180,YES,180,0.075,"0.0,0.0",,11.7,-1.2,0
C28,C53987,Bottom,0.0,180,YES,180,0.075,"0.0,0.0",,11.6,-7.0,0
C29,C53987,Bottom,90.0,90,,90,0.075,"0.0,0.0",,28.95,-44.2,90
C30,C440198,Bottom,90.0,90,,90,0.05,"0.0,0.0",,25.8,-47.6,90
C31,C14663,Bottom,0.0,180,YES,180,0.075,"0.0,0.0",,17.0,-38.2,0
C32,C14663,Bottom,0.0,180,YES,180,0.075,"0.0,0.0",,20.2,-38.2,0
C33,C14663,Bottom,0.0,180,YES,180,0.075,"-0.0,0.0",,27.3,-34.6,0
C34,C14663,Bottom,0.0,180,YES,180,0.075,"0.0,0.0",,27.4,-27.0,0
C35,C14663,Bottom,90.0,90,,90,0.075,"0.0,-0.0",,14.2,-28.2,90
C36,C14663,Bottom,0.0,180,YES,180,0.075,"-0.0,0.0",,24.6,-41.2,0
C37,C14663,Bottom,0.0,180,YES,180,0.075,"0.0,0.0",,3.8,-29.6,0
C38,C14663,Bottom,90.0,90,,90,0.075,"0.0,0.0",,33.4,-23.3,90
C39,C14663,Bottom,90.0,90,,90,0.075,"0.0,0.0",,25.79,-36.97,90
C40,C57112,Bottom,90.0,90,,90,0.075,"0.0,0.0",,29.04,-37.0,90
D1,C7519,Bottom,90.0,0,YES,0,0.012,"0.0,0.0",,30.8,-27.2,180
D2,C7519,Bottom,90.0,0,YES,0,0.012,"0.0,-0.0",,28.02,-31.8,180
D3,C37704,Bottom,0.0,0,,0,0.397,"0.099,0.0",,7.5,-26.8,180
D4,C2128,Bottom,0.0,180,YES,180,0.122,"-0.0,0.0",,39.6,-37.8,0
DS1,C5139758,Top,0.0,0,,0,0.0,"0.0,12.4",YES,21.0,-4.3,0
DS1H,C492406,Top,0.0,0,,0,0.0,"0.0,0.0",,21.0,-4.3,0
J1,C5184243,Bottom,-90.0,270,,270,0.0,"-1.302,-0.0",YES,37.598,-26.6,270
Q1,C20917,Bottom,90.0,270,YES,270,0.083,"0.0,0.021",,2.3,-16.3,270
Q2,C20917,Bottom,90.0,270,YES,270,0.083,"0.0,0.021",,2.3,-21.4,270
Q3,C8545,Bottom,90.0,270,YES,270,0.083,"0.0,0.021",,2.29,-47.53,270
Q4,C8545,Bottom,0.0,0,,0,0.083,"0.021,-0.0",,13.4,-51.9,180
Q5,C8545,Bottom,0.0,0,,0,0.083,"0.021,0.0",,11.5,-28.0,180
R1,C23186,Bottom,90.0,90,,90,0.072,"0.0,-0.0",,33.4,-26.9,90
R2,C23186,Bottom,90.0,90,,90,0.072,"0.0,0.0",,33.4,-30.3,90
R3,C23352,Bottom,0.0,180,YES,180,0.072,"0.0,0.0",,38.4,-7.0,0
R4,C25810,Bottom,0.0,180,YES,180,0.072,"0.0,0.0",,38.4,-8.6,0
R5,C25804,Bottom,0.0,180,YES,180,0.072,"0.0,0.0",,38.4,-11.8,0
R6,C25803,Bottom,90.0,90,,90,0.072,"0.0,-0.0",,30.6,-2.9,90
R7,C23138,Bottom,90.0,90,,90,0.072,"0.0,0.0",,5.4,-9.8,90
R8,C4190,Bottom,90.0,90,,90,0.072,"0.0,0.0",,7.8,-9.8,90
R9,C22979,Bottom,90.0,90,,90,0.072,"0.0,0.0",,6.0,-22.2,90
R10,C23206,Bottom,-90.0,270,,270,0.072,"0.0,0.0",,6.4,-50.93,270
R11,C23254,Bottom,180.0,0,YES,0,0.072,"-0.0,0.0",,2.47,-44.77,180
R12,C25810,Bottom,90.0,90,,90,0.072,"0.0,0.0",,16.01,-47.18,90
R13,C22790,Bottom,90.0,90,,90,0.072,"0.0,0.0",,14.4,-48.6,90
R14,C25803,Bottom,0.0,180,YES,180,0.072,"0.0,0.0",,17.2,-52.6,0
R15,C25803,Bottom,0.0,180,YES,180,0.072,"0.0,0.0",,17.2,-51.0,0
R16,C25804,Bottom,0.0,180,YES,180,0.072,"-0.0,0.0",,11.4,-32.2,0
R17,C22961,Bottom,0.0,180,YES,180,0.072,"-0.0,0.0",,7.5,-29.7,0
R18,C25803,Bottom,0.0,180,YES,180,0.072,"0.0,0.0",,3.8,-31.3,0
R19,C22975,Bottom,0.0,180,YES,180,0.072,"0.0,0.0",,38.4,-10.2,0
R24,C25803,Bottom,0.0,180,YES,180,0.072,"0.0,0.0",,5.2,-6.5,0
R25,C25803,Bottom,0.0,180,YES,180,0.072,"-0.0,0.0",,8.4,-6.5,0
R29,C25803,Bottom,90.0,90,,90,0.072,"0.0,0.0",,11.0,-4.4,90
R30,C326734,Bottom,90.0,90,,90,0.072,"0.0,0.0",,40.8,-42.2,90
R31,C705780,Bottom,90.0,90,,90,0.072,"0.0,-0.0",,40.8,-45.4,90
R32,C4275,Bottom,0.0,180,YES,180,0.072,"0.0,0.0",,17.0,-41.2,0
R33,C25803,Bottom,0.0,180,YES,180,0.072,"0.0,0.0",,21.0,-41.2,0
R34,C25803,Bottom,0.0,180,YES,180,0.072,"-0.0,0.0",,11.4,-30.6,0
R35,C22935,Bottom,180.0,0,YES,0,0.072,"0.0,0.0",,31.06,-29.99,180
R36,C326734,Bottom,0.0,180,YES,180,0.072,"0.0,0.0",,3.8,-26.4,0
R37,C326734,Bottom,0.0,180,YES,180,0.072,"0.0,0.0",,3.8,-28.0,0
R38,C25803,Bottom,90.0,90,,90,0.072,"0.0,0.0",,27.55,-37.32,90
R39,C21190,Bottom,90.0,90,,90,0.072,"0.0,0.0",,14.23,-40.81,90
SW1,C41430893,Bottom,90.0,90 270,,90,0.268,"-3.81,-0.628",YES,7.665,-41.428,270
SW2,C41430893,Bottom,-90.0,90 270,,270,0.268,"3.81,0.628",YES,34.335,-40.172,90
SW3,C720477,Bottom,0.0,180,YES,180,0.04,"0.0,0.0",,33.6,-51.2,0
TH1,C13564,Bottom,0.0,180,YES,180,0.072,"0.0,0.0",,13.7,-25.45,0
U1,C465977,Bottom,0.0,90,YES,90,0.087,"0.0,0.0",,20.6,-31.8,90
U2,C19725033,Bottom,0.0,90,YES,90,0.05,"-0.0,0.0",,35.0,-9.0,90
U3,C2863998,Bottom,0.0,180,YES,180,0.141,"0.0,0.0",,39.3,-48.13,0
U4,C183096,Bottom,0.0,180,YES,180,0.062,"-0.001,0.0",,2.3,-9.3,0
U5,C2871502,Bottom,180.0,270,YES,270,0.122,"0.0,0.0",,9.28,-51.3,270
U6,C2681320,Bottom,0.0,0,,0,0.213,"-0.0,-0.0",,7.9,-2.2,180
U7,C2681320,Bottom,90.0,270,YES,270,0.213,"0.0,0.0",,39.6,-34.6,270
U8,C66029,Bottom,0.0,90,YES,90,0.23,"0.0,0.0",,21.0,-47.6,90
