ref,side,mpn,lcsc,pin1_function,pin1_net,pin1_board_x_mm,pin1_board_y_mm,pin1_view_x_mm,pin1_view_y_mm,silk_marker,jlc_cpl_rotation
U1,bottom,STM32L072CBT6,C465977,VDD,VLOGIC,16.438,34.55,25.562,34.55,footprint pin-1 triangle,90.000000
U2,bottom,BQ25185DLHR,C19725033,SYS,SYS,33.9,9.8,8.1,9.8,board silk dot,90.000000
U3,bottom,TLV76701DRVR,C2863998,OUT,VLOGIC,38.413,48.78,3.587,48.78,footprint pin-1 triangle,180.000000
U4,bottom,BQ29700DSER,C183096,NC,,1.775,9.8,40.225,9.8,board silk dot,180.000000
U5,bottom,TLV7012DDFR,C2871502,OUTA,TEMP_COLD_OK,10.418,50.325,31.582,50.325,footprint pin-1 triangle,270.000000
U6,bottom,TPS22917DBVR,C2681320,VIN,VLOGIC,6.763,3.15,35.237,3.15,board silk dot,0.000000
U7,bottom,TPS22917DBVR,C2681320,VIN,SYS,40.55,35.737,1.45,35.737,board silk dot,270.000000
U8,bottom,FM25V02A-GTR,C66029,CS#,FRAM_CS_N,18.525,49.505,23.475,49.505,footprint pin-1 triangle,90.000000
Q1,bottom,AO3400A,C20917,G,DOUT,3.25,17.238,38.75,17.238,board silk dot,270.000000
Q2,bottom,AO3400A,C20917,G,COUT,3.25,22.337,38.75,22.337,board silk dot,270.000000
Q3,bottom,2N7002,C8545,G,TEMP_COLD_OK,3.24,48.468,38.76,48.468,board silk dot,270.000000
Q4,bottom,2N7002,C8545,G,TEMP_HOT_OK,12.463,52.85,29.538,52.85,board silk dot,0.000000
Q5,bottom,2N7002,C8545,G,PWR_KEY,10.562,28.95,31.438,28.95,board silk dot,0.000000
D1,bottom,USBLC6-2SC6,C7519,I/O1,CC1,31.75,28.337,10.25,28.337,board silk dot,0.000000
D2,bottom,USBLC6-2SC6,C7519,I/O1,USB_DM,28.97,32.938,13.03,32.938,board silk dot,0.000000
D3,bottom,"BAT54C,215",C37704,A1,PWR_KEY,6.562,27.75,35.438,27.75,board silk dot,0.000000
D4,bottom,1N4148WS,C2128,K,VBUS_WAKE,38.55,37.8,3.45,37.8,cathode bar,180.000000
BT1,bottom,CR2032-BS-6-1,C70377,+,CELL_P,35.39,16.3,6.61,16.3,+/- silk marks,180.000000
DS1,top,HS96L01W4S03,C5139758,GND,GND,13.38,4.3,13.38,4.3,square pad 1 (THT header),0.000000
